<?xml version="1.0" encoding="UTF-8"?>
<Profile xmlns="http://soap.sforce.com/2006/04/metadata">
    <custom>false</custom>
    <userLicense>Salesforce Platform</userLicense>
    <userPermissions>
        <enabled>true</enabled>
        <name>ActivitiesAccess</name>
    </userPermissions>
    <userPermissions>
        <enabled>true</enabled>
        <name>AddDirectMessageMembers</name>
    </userPermissions>
    <userPermissions>
        <enabled>true</enabled>
        <name>AllowUniversalSearch</name>
    </userPermissions>
    <userPermissions>
        <enabled>true</enabled>
        <name>AllowViewKnowledge</name>
    </userPermissions>
    <userPermissions>
        <enabled>true</enabled>
        <name>ApexRestServices</name>
    </userPermissions>
    <userPermissions>
        <enabled>true</enabled>
        <name>ApiEnabled</name>
    </userPermissions>
    <userPermissions>
        <enabled>true</enabled>
        <name>AssignTopics</name>
    </userPermissions>
    <userPermissions>
        <enabled>true</enabled>
        <name>ChatterEditOwnPost</name>
    </userPermissions>
    <userPermissions>
        <enabled>true</enabled>
        <name>ChatterFileLink</name>
    </userPermissions>
    <userPermissions>
        <enabled>true</enabled>
        <name>ChatterInternalUser</name>
    </userPermissions>
    <userPermissions>
        <enabled>true</enabled>
        <name>ChatterInviteExternalUsers</name>
    </userPermissions>
    <userPermissions>
        <enabled>true</enabled>
        <name>ChatterOwnGroups</name>
    </userPermissions>
    <userPermissions>
        <enabled>true</enabled>
        <name>ContentWorkspaces</name>
    </userPermissions>
    <userPermissions>
        <enabled>true</enabled>
        <name>CreateCustomizeFilters</name>
    </userPermissions>
    <userPermissions>
        <enabled>true</enabled>
        <name>CreateCustomizeReports</name>
    </userPermissions>
    <userPermissions>
        <enabled>true</enabled>
        <name>CreateTopics</name>
    </userPermissions>
    <userPermissions>
        <enabled>true</enabled>
        <name>CustomMobileAppsAccess</name>
    </userPermissions>
    <userPermissions>
        <enabled>true</enabled>
        <name>DistributeFromPersWksp</name>
    </userPermissions>
    <userPermissions>
        <enabled>true</enabled>
        <name>EditEvent</name>
    </userPermissions>
    <userPermissions>
        <enabled>true</enabled>
        <name>EditTask</name>
    </userPermissions>
    <userPermissions>
        <enabled>true</enabled>
        <name>EditTopics</name>
    </userPermissions>
    <userPermissions>
        <enabled>true</enabled>
        <name>EmailMass</name>
    </userPermissions>
    <userPermissions>
        <enabled>true</enabled>
        <name>EmailSingle</name>
    </userPermissions>
    <userPermissions>
        <enabled>true</enabled>
        <name>EnableCommunityAppLauncher</name>
    </userPermissions>
    <userPermissions>
        <enabled>true</enabled>
        <name>EnableNotifications</name>
    </userPermissions>
    <userPermissions>
        <enabled>true</enabled>
        <name>ExportReport</name>
    </userPermissions>
    <userPermissions>
        <enabled>true</enabled>
        <name>ImportPersonal</name>
    </userPermissions>
    <userPermissions>
        <enabled>true</enabled>
        <name>LightningExperienceUser</name>
    </userPermissions>
    <userPermissions>
        <enabled>true</enabled>
        <name>ListEmailSend</name>
    </userPermissions>
    <userPermissions>
        <enabled>true</enabled>
        <name>MassInlineEdit</name>
    </userPermissions>
    <userPermissions>
        <enabled>true</enabled>
        <name>RemoveDirectMessageMembers</name>
    </userPermissions>
    <userPermissions>
        <enabled>true</enabled>
        <name>RunReports</name>
    </userPermissions>
    <userPermissions>
        <enabled>true</enabled>
        <name>SelectFilesFromSalesforce</name>
    </userPermissions>
    <userPermissions>
        <enabled>true</enabled>
        <name>ShowCompanyNameAsUserBadge</name>
    </userPermissions>
    <userPermissions>
        <enabled>true</enabled>
        <name>SubscribeToLightningDashboards</name>
    </userPermissions>
    <userPermissions>
        <enabled>true</enabled>
        <name>TransactionalEmailSend</name>
    </userPermissions>
    <userPermissions>
        <enabled>true</enabled>
        <name>UseWebLink</name>
    </userPermissions>
    <userPermissions>
        <enabled>true</enabled>
        <name>ViewHelpLink</name>
    </userPermissions>
    <userPermissions>
        <enabled>true</enabled>
        <name>ViewRoles</name>
    </userPermissions>
    <userPermissions>
        <enabled>true</enabled>
        <name>ViewSetup</name>
    </userPermissions>
</Profile>
