<?xml version="1.0" encoding="UTF-8"?>
<CustomField xmlns="http://soap.sforce.com/2006/04/metadata">
    <fullName>Company_Marketing_Status__c</fullName>
    <externalId>false</externalId>
    <label>Company Marketing Status</label>
    <required>false</required>
    <trackFeedHistory>false</trackFeedHistory>
    <type>Picklist</type>
    <valueSet>
        <restricted>true</restricted>
        <valueSetDefinition>
            <sorted>true</sorted>
            <value>
                <fullName>Contacted</fullName>
                <default>false</default>
                <label>Contacted</label>
            </value>
            <value>
                <fullName>Open</fullName>
                <default>false</default>
                <label>Open</label>
            </value>
            <value>
                <fullName>Qualified</fullName>
                <default>false</default>
                <label>Qualified</label>
            </value>
            <value>
                <fullName>Unqualified</fullName>
                <default>false</default>
                <label>Unqualified</label>
            </value>
        </valueSetDefinition>
    </valueSet>
</CustomField>
