<?xml version="1.0" encoding="UTF-8"?>
<CompactLayout xmlns="http://soap.sforce.com/2006/04/metadata">
    <fullName>Account_Compact_Layout</fullName>
    <fields>Name</fields>
    <fields>Active__c</fields>
    <fields>Company_Revenue_MM__c</fields>
    <fields>Company_Marketing_Status__c</fields>
    <fields>Also_Known_As__c</fields>
    <fields>BillingAddress</fields>
    <fields>Phone</fields>
    <fields>Rating</fields>
    <fields>Sector__c</fields>
    <fields>Type</fields>
    <label>Account Compact Layout</label>
</CompactLayout>
